Workbook

Sheet Parceiros
A1: Nome Parceiro | B1: CPF | C1: Celular Contato/Whatsapp | D1: Outros Fones | E1: EMAIL
A2: Marcelo Vida Toda | B2: 020.729.899-81 | C2: 14 99136-1026 | E2: marcelowseibert@gmail.com
A3: Alexandre Mello | B3: 949.757.369-34 | C3: 49 99107-1232 | E3: alexandre_mello1@hotmail.com
A4: Juliana Faria | B4: 230.482.188-07 | C4: 18 99681-6394 | E4: juliana@rradvocacia.com
A5: Alex Borges | C5: 18 99786-0033 | E5: alex.abl@outlook.com
A6: Juliana Faria RR advocacia | C6: 18- 99681-6394 | D6: 18- 99149-5411 | E6: juliana@rradvocacia.com
A7: Leandro RR advocacia | C7: 18- 99645-4246 | D7: 18- 3653- 7733 | E7: leandro@rradvocacia.com
A8: Marcelo Slongo | E8: marceloslongoadv@hotmail.com
A9: Fernanda Bristot Correa | B9: 047.226.089-89 | E9: fernandacorrea_adv@hotmail.com
A10: Zé Maria

Sheet Contratos
A1: Nome Parceiro | B1: Ação | C1: Acordo ADV/Parceiro (por escrito)

Sheet Cálculos Enviados
A1: Cliente | B1: CPF Cliente | C1: Data Envio Email | D1: Destinatário 1 | E1: Destinatário 2 | F1: Destinatário 3 | G1: Parceria | H1: Chefe | I1: Data Retorno(Distribuição) | J1: O Que Retornou
A2: Oscar Vitorio Tretto | B2: 247.512.780-53 | C2: 45072 | D2: alexandre_mello1@hotmail.com | G2: =CONCAT('Cálculos Enviados'!$D2," | ",'Cálculos Enviados'!$E2," | ",'Cálculos Enviados'!$F2) -> #NAME? | H2: Alexandre Mello | J2: =VLOOKUP('Cálculos Enviados'!$B2,$M$2:$M$10,1,0) -> #N/A | M2: 006.071.568-56 | N2: 5001399-63.2023.4.03.6107
A3: Neri Ribeiro Jovenal | B3: 219.420.990-53 | C3: 45072 | D3: alexandre_mello1@hotmail.com | G3: =CONCAT('Cálculos Enviados'!$D3," | ",'Cálculos Enviados'!$E3," | ",'Cálculos Enviados'!$F3) -> #NAME? | H3: Alexandre Mello | J3: =VLOOKUP('Cálculos Enviados'!$B3,$M$2:$M$10,1,0) -> #N/A | M3: 059.567.368-60 | N3: 5001377-05.2023.4.03.6107
A4: Jose Carlos Gama | B4: 804.728.698-68 | C4: 45071 | D4: marcelowseibert@gmail.com | G4: =CONCAT('Cálculos Enviados'!$D4," | ",'Cálculos Enviados'!$E4," | ",'Cálculos Enviados'!$F4) -> #NAME? | H4: Marcelo | I4: 45084 | J4: =VLOOKUP('Cálculos Enviados'!$B4,$M$2:$M$10,1,0) -> 804.728.698-68 | M4: 080.435.368-99 | N4: 5005172-26.2023.4.03.6331
A5: Mirto Barbeiro Marine | B5: 704.619.708-30 | C5: 45071 | D5: marcelowseibert@gmail.com | G5: =CONCAT('Cálculos Enviados'!$D5," | ",'Cálculos Enviados'!$E5," | ",'Cálculos Enviados'!$F5) -> #NAME? | H5: Marcelo | I5: 45083 | J5: =VLOOKUP('Cálculos Enviados'!$B5,$M$2:$M$10,1,0) -> 704.619.708-30 | M5: 293.684.128-39 | N5: 5005072-71.2023.4.03.6331
A6: Fátima de Oliveira Rodrigues | B6: 293.684.128-39 | C6: 45071 | D6: alex.abl@outlook.com | G6: =CONCAT('Cálculos Enviados'!$D6," | ",'Cálculos Enviados'!$E6," | ",'Cálculos Enviados'!$F6) -> #NAME? | H6: Alex Borges | I6: 45076 | J6: =VLOOKUP('Cálculos Enviados'!$B6,$M$2:$M$10,1,0) -> 293.684.128-39 | M6: 704.619.708-30 | N6: 5001403-03.2023.4.03.6107
A7: Gilberto Moser | B7: 256.826.280-04 | C7: 45071 | D7: marcelowseibert@gmail.com | E7: alexandre_mello1@hotmail.com | G7: =CONCAT('Cálculos Enviados'!$D7," | ",'Cálculos Enviados'!$E7," | ",'Cálculos Enviados'!$F7) -> #NAME? | H7: Alexandre Mello | J7: =VLOOKUP('Cálculos Enviados'!$B7,$M$2:$M$10,1,0) -> #N/A | M7: 704.619.708-30 | N7: 0001022-65.2005.4.03.6316
A8: JOSE APARECIDO MORAES | B8: 059.567.368-60 | C8: 45079 | D8: marcelowseibert@gmail.com | E8: juliana@rradvocacia.com | F8: leandro@rradvocacia.com | G8: =CONCAT('Cálculos Enviados'!$D8," | ",'Cálculos Enviados'!$E8," | ",'Cálculos Enviados'!$F8) -> #NAME? | H8: Zé Maria | I8: 45082 | J8: =VLOOKUP('Cálculos Enviados'!$B8,$M$2:$M$10,1,0) -> 059.567.368-60 | M8: 804.728.698-68 | N8: 5005199-09.2023.4.03.6331
A9: Cristiano Luiz Fagundes Mendonça | B9: 621.121.120-15 | C9: 45079 | D9: marcelowseibert@gmail.com | E9: alexandre_mello1@hotmail.com | G9: =CONCAT('Cálculos Enviados'!$D9," | ",'Cálculos Enviados'!$E9," | ",'Cálculos Enviados'!$F9) -> #NAME? | H9: Alexandre Mello | J9: =VLOOKUP('Cálculos Enviados'!$B9,$M$2:$M$10,1,0) -> #N/A | M9: 957.550.128-49 | N9: 5005207-83.2023.4.03.6331
A10: LADISLAU VALDECIR MARTINES | B10: 957.550.128-49 | C10: 45079 | D10: marcelowseibert@gmail.com | E10: juliana@rradvocacia.com | F10: leandro@rradvocacia.com | G10: =CONCAT('Cálculos Enviados'!$D10," | ",'Cálculos Enviados'!$E10," | ",'Cálculos Enviados'!$F10) -> #NAME? | H10: Zé Maria | I10: 45084 | J10: =VLOOKUP('Cálculos Enviados'!$B10,$M$2:$M$10,1,0) -> 957.550.128-49 | M10: 966.072.978-20 | N10: 5002561-48.2023.4.03.6316
A11: LUCIMAR ANTUNES CUELLAS | B11: 006.071.568-56 | C11: 45079 | D11: marcelowseibert@gmail.com | E11: juliana@rradvocacia.com | F11: leandro@rradvocacia.com | G11: =CONCAT('Cálculos Enviados'!$D11," | ",'Cálculos Enviados'!$E11," | ",'Cálculos Enviados'!$F11) -> #NAME? | H11: Zé Maria | I11: 45082 | J11: =VLOOKUP('Cálculos Enviados'!$B11,$M$2:$M$10,1,0) -> 006.071.568-56
A12: RAIMUNDO DA SILVA | B12: 080.435.368-99 | C12: 45079 | D12: marcelowseibert@gmail.com | E12: juliana@rradvocacia.com | F12: leandro@rradvocacia.com | G12: =CONCAT('Cálculos Enviados'!$D12," | ",'Cálculos Enviados'!$E12," | ",'Cálculos Enviados'!$F12) -> #NAME? | H12: Zé Maria | I12: 45082 | J12: =VLOOKUP('Cálculos Enviados'!$B12,$M$2:$M$10,1,0) -> 080.435.368-99
A13: LUIZ AQUILES DAL FORNO | B13: 173.703.610-04 | C13: 45083 | D13: marcelowseibert@gmail.com | E13: marceloslongoadv@hotmail.com | G13: =CONCAT('Cálculos Enviados'!$D13," | ",'Cálculos Enviados'!$E13," | ",'Cálculos Enviados'!$F13) -> #NAME? | H13: Rradvocacia | J13: =VLOOKUP('Cálculos Enviados'!$B13,$M$2:$M$10,1,0) -> #N/A
A14: JOSE TAVARES | B14: 966.072.978-20 | C14: 45084 | D14: marcelowseibert@gmail.com | E14: juliana@rradvocacia.com | F14: leandro@rradvocacia.com | G14: =CONCAT('Cálculos Enviados'!$D14," | ",'Cálculos Enviados'!$E14," | ",'Cálculos Enviados'!$F14) -> #NAME? | H14: Zé Maria | I14: 45089 | J14: =VLOOKUP('Cálculos Enviados'!$B14,$M$2:$M$10,1,0) -> 966.072.978-20
A15: MILQUIAS FIGUEIRA SILVA | B15: 252.298.697-04 | C15: 45084 | D15: marcelowseibert@gmail.com | E15: juliana@rradvocacia.com | F15: leandro@rradvocacia.com | G15: =CONCAT('Cálculos Enviados'!$D15," | ",'Cálculos Enviados'!$E15," | ",'Cálculos Enviados'!$F15) -> #NAME? | H15: Zé Maria | J15: =VLOOKUP('Cálculos Enviados'!$B15,$M$2:$M$10,1,0) -> #N/A
A16: NATALINO HORÁCIO BORGES | B16: 464.437.200-59 | C16: 45084 | D16: marcelowseibert@gmail.com | E16: fernandacorrea_adv@hotmail.com | F16: a3consultoria.contato@gmail.com | G16: =CONCAT('Cálculos Enviados'!$D16," | ",'Cálculos Enviados'!$E16," | ",'Cálculos Enviados'!$F16) -> #NAME? | H16: Fernanda Correa | J16: =VLOOKUP('Cálculos Enviados'!$B16,$M$2:$M$10,1,0) -> #N/A
A17: Afonso Doering | B17: 201.278.040-72 | C17: 45084 | D17: marcelowseibert@gmail.com | E17: alexandre_mello1@hotmail.com | G17: =CONCAT('Cálculos Enviados'!$D17," | ",'Cálculos Enviados'!$E17," | ",'Cálculos Enviados'!$F17) -> #NAME? | H17: Alexandre Mello | J17: =VLOOKUP('Cálculos Enviados'!$B17,$M$2:$M$10,1,0) -> #N/A
A18: Telma Elite Tente | B18: 235.183.750-91 | C18: 45084 | D18: marcelowseibert@gmail.com | G18: =CONCAT('Cálculos Enviados'!$D18," | ",'Cálculos Enviados'!$E18," | ",'Cálculos Enviados'!$F18) -> #NAME? | H18: Marcelo | J18: =VLOOKUP('Cálculos Enviados'!$B18,$M$2:$M$10,1,0) -> #N/A
A19: Vilmar Klava | B19: 934.776.198-20 | C19: 45084 | D19: marcelowseibert@gmail.com | E19: alexandre_mello1@hotmail.com | G19: =CONCAT('Cálculos Enviados'!$D19," | ",'Cálculos Enviados'!$E19," | ",'Cálculos Enviados'!$F19) -> #NAME? | H19: Alexandre Mello | J19: =VLOOKUP('Cálculos Enviados'!$B19,$M$2:$M$10,1,0) -> #N/A
A20: Ivo Dagios | B20: 193.128.579-91 | C20: 45084 | D20: marcelowseibert@gmail.com | E20: alexandre_mello1@hotmail.com | G20: =CONCAT('Cálculos Enviados'!$D20," | ",'Cálculos Enviados'!$E20," | ",'Cálculos Enviados'!$F20) -> #NAME? | H20: Alexandre Mello | J20: =VLOOKUP('Cálculos Enviados'!$B20,$M$2:$M$10,1,0) -> #N/A
A21: Paulo Martins de Mello | B21: 150.760.919-15 | C21: 45084 | D21: marcelowseibert@gmail.com | E21: alexandre_mello1@hotmail.com | G21: =CONCAT('Cálculos Enviados'!$D21," | ",'Cálculos Enviados'!$E21," | ",'Cálculos Enviados'!$F21) -> #NAME? | H21: Alexandre Mello | J21: =VLOOKUP('Cálculos Enviados'!$B21,$M$2:$M$10,1,0) -> #N/A
A22: Renato Bloncoski | B22: 410.479.319-15 | C22: 45084 | D22: marcelowseibert@gmail.com | E22: alexandre_mello1@hotmail.com | G22: =CONCAT('Cálculos Enviados'!$D22," | ",'Cálculos Enviados'!$E22," | ",'Cálculos Enviados'!$F22) -> #NAME? | H22: Alexandre Mello | J22: =VLOOKUP('Cálculos Enviados'!$B22,$M$2:$M$10,1,0) -> #N/A
A23: Mario Bonadmann | B23: 473.613.019-91 | C23: 45084 | D23: marcelowseibert@gmail.com | E23: alexandre_mello1@hotmail.com | G23: =CONCAT('Cálculos Enviados'!$D23," | ",'Cálculos Enviados'!$E23," | ",'Cálculos Enviados'!$F23) -> #NAME? | H23: Alexandre Mello | J23: =VLOOKUP('Cálculos Enviados'!$B23,$M$2:$M$10,1,0) -> #N/A
A24: José Luiz Rizzi | B24: 166.140.030-20 | C24: 45086 | D24: marcelowseibert@gmail.com | E24: alexandre_mello1@hotmail.com | G24: =CONCAT('Cálculos Enviados'!$D24," | ",'Cálculos Enviados'!$E24," | ",'Cálculos Enviados'!$F24) -> #NAME? | H24: Alexandre Mello | J24: =VLOOKUP('Cálculos Enviados'!$B24,$M$2:$M$10,1,0) -> #N/A
A25: Carmen Holanda | B25: 818.004.288-04 | C25: 45086 | D25: marcelowseibert@gmail.com | E25: alexandre_mello1@hotmail.com | G25: =CONCAT('Cálculos Enviados'!$D25," | ",'Cálculos Enviados'!$E25," | ",'Cálculos Enviados'!$F25) -> #NAME? | H25: Alexandre Mello | J25: =VLOOKUP('Cálculos Enviados'!$B25,$M$2:$M$10,1,0) -> #N/A
A26: Lotario Pereira dos Santos | B26: 325.476.500-10 | C26: 45086 | D26: marcelowseibert@gmail.com | E26: alexandre_mello1@hotmail.com | G26: =CONCAT('Cálculos Enviados'!$D26," | ",'Cálculos Enviados'!$E26," | ",'Cálculos Enviados'!$F26) -> #NAME? | H26: Alexandre Mello | J26: =VLOOKUP('Cálculos Enviados'!$B26,$M$2:$M$10,1,0) -> #N/A
A27: Maria Salete Sander | B27: 287.487.430-20 | C27: 45086 | D27: marcelowseibert@gmail.com | E27: alexandre_mello1@hotmail.com | G27: =CONCAT('Cálculos Enviados'!$D27," | ",'Cálculos Enviados'!$E27," | ",'Cálculos Enviados'!$F27) -> #NAME? | H27: Alexandre Mello | J27: =VLOOKUP('Cálculos Enviados'!$B27,$M$2:$M$10,1,0) -> #N/A
A28: Artidor Magalhães | B28: 209.234.300-91 | C28: 45086 | D28: marcelowseibert@gmail.com | E28: alexandre_mello1@hotmail.com | G28: =CONCAT('Cálculos Enviados'!$D28," | ",'Cálculos Enviados'!$E28," | ",'Cálculos Enviados'!$F28) -> #NAME? | H28: Alexandre Mello | J28: =VLOOKUP('Cálculos Enviados'!$B28,$M$2:$M$10,1,0) -> #N/A
A29: Corinta Maria Teixeira Martins | B29: 556.385.110-91 | C29: 45091 | D29: alexandre_mello1@hotmail.com | G29: =CONCAT('Cálculos Enviados'!$D29," | ",'Cálculos Enviados'!$E29," | ",'Cálculos Enviados'!$F29) -> #NAME? | H29: Alexandre Mello | J29: =VLOOKUP('Cálculos Enviados'!$B29,$M$2:$M$10,1,0) -> #N/A
A30: Luiza Antonia Andrade Pasetti | B30: 396.219.369-34 | C30: 45092 | D30: alexandre_mello1@hotmail.com | G30: =CONCAT('Cálculos Enviados'!$D30," | ",'Cálculos Enviados'!$E30," | ",'Cálculos Enviados'!$F30) -> #NAME? | H30: Alexandre Mello | J30: =VLOOKUP('Cálculos Enviados'!$B30,$M$2:$M$10,1,0) -> #N/A
A31: Dejanira Gonçalves Lustosa | B31: 518.589.249-87 | C31: 45103 | D31: marcelowseibert@gmail.com | E31: alexandre_mello1@hotmail.com | G31: =CONCAT('Cálculos Enviados'!$D31," | ",'Cálculos Enviados'!$E31," | ",'Cálculos Enviados'!$F31) -> #NAME? | H31: Alexandre Mello | J31: =VLOOKUP('Cálculos Enviados'!$B31,$M$2:$M$10,1,0) -> #N/A
A32: Fatima Noeli Ferreira | B32: 508.438.859-04 | C32: 45103 | D32: marcelowseibert@gmail.com | E32: alexandre_mello1@hotmail.com | G32: =CONCAT('Cálculos Enviados'!$D32," | ",'Cálculos Enviados'!$E32," | ",'Cálculos Enviados'!$F32) -> #NAME? | H32: Alexandre Mello | J32: =VLOOKUP('Cálculos Enviados'!$B32,$M$2:$M$10,1,0) -> #N/A
A33: Romeu Kerber | B33: 254.999.630-53 | C33: 45103 | D33: marcelowseibert@gmail.com | E33: alexandre_mello1@hotmail.com | G33: =CONCAT('Cálculos Enviados'!$D33," | ",'Cálculos Enviados'!$E33," | ",'Cálculos Enviados'!$F33) -> #NAME? | H33: Alexandre Mello | J33: =VLOOKUP('Cálculos Enviados'!$B33,$M$2:$M$10,1,0) -> #N/A
A34: Joel Antonio Rech Mattos | B34: 194.073.190-91 | C34: 45103 | D34: marcelowseibert@gmail.com | E34: alexandre_mello1@hotmail.com | G34: =CONCAT('Cálculos Enviados'!$D34," | ",'Cálculos Enviados'!$E34," | ",'Cálculos Enviados'!$F34) -> #NAME? | H34: Alexandre Mello | J34: =VLOOKUP('Cálculos Enviados'!$B34,$M$2:$M$10,1,0) -> #N/A
A35: Joaquim Valdeci dos Santos | B35: 614.560.710-68 | C35: 45103 | D35: marcelowseibert@gmail.com | E35: alexandre_mello1@hotmail.com | G35: =CONCAT('Cálculos Enviados'!$D35," | ",'Cálculos Enviados'!$E35," | ",'Cálculos Enviados'!$F35) -> #NAME? | H35: Alexandre Mello | J35: =VLOOKUP('Cálculos Enviados'!$B35,$M$2:$M$10,1,0) -> #N/A
A36: Jorge Tadeu da Silva | B36: 200.420.940-20 | C36: 45103 | D36: marcelowseibert@gmail.com | E36: alexandre_mello1@hotmail.com | G36: =CONCAT('Cálculos Enviados'!$D36," | ",'Cálculos Enviados'!$E36," | ",'Cálculos Enviados'!$F36) -> #NAME? | H36: Alexandre Mello | J36: =VLOOKUP('Cálculos Enviados'!$B36,$M$2:$M$10,1,0) -> #N/A
A37: Antonio Carlos Carrao Longhi | B37: 256.338.560-15 | C37: 45103 | D37: marcelowseibert@gmail.com | E37: alexandre_mello1@hotmail.com | G37: =CONCAT('Cálculos Enviados'!$D37," | ",'Cálculos Enviados'!$E37," | ",'Cálculos Enviados'!$F37) -> #NAME? | H37: Alexandre Mello | J37: =VLOOKUP('Cálculos Enviados'!$B37,$M$2:$M$10,1,0) -> #N/A
A38: Cirilo Biazussi | B38: 212.982.039-53 | C38: 45110 | D38: marcelowseibert@gmail.com | G38: =CONCAT('Cálculos Enviados'!$D38," | ",'Cálculos Enviados'!$E38," | ",'Cálculos Enviados'!$F38) -> #NAME? | H38: Marcelo | J38: =VLOOKUP('Cálculos Enviados'!$B38,$M$2:$M$10,1,0) -> #N/A
A39: Mario José Moraes | B39: 034.478.228-05 | C39: 45110 | D39: marcelowseibert@gmail.com | G39: =CONCAT('Cálculos Enviados'!$D39," | ",'Cálculos Enviados'!$E39," | ",'Cálculos Enviados'!$F39) -> #NAME? | H39: Marcelo | J39: =VLOOKUP('Cálculos Enviados'!$B39,$M$2:$M$10,1,0) -> #N/A
A40: ANESIO AUGUSTO DE OLIVEIRA | B40: 969.590.968-04 | C40: 45120 | D40: alex.abl@outlook.com | H40: Alex Borges
A41: BRAULIO DOS SANTOS | B41: 130.977.788-88 | C41: 45120 | D41: calculos@m7assessoria.com.br | H41: M7 Assessoria
A42: LOURIVAL SANTOS LUZ | B42: 543.586.048-20 | C42: 45120 | D42: calculos@m7assessoria.com.br | H42: M7 Assessoria
A43: CARLOS ROBERTO DA SILVA | B43: 802.730.418-00 | C43: 45120 | D43: calculos@m7assessoria.com.br | H43: M7 Assessoria
A44: MARIA ZULMIRA DA CONCEIÇAO ANTONIO | B44: 186.365.538-73 | C44: 45120 | D44: calculos@m7assessoria.com.br | H44: M7 Assessoria
A45: ADEON RIBEIRO NIZA | B45: 544.588.388-49 | C45: 45120 | D45: calculos@m7assessoria.com.br | H45: M7 Assessoria
A46: NELSON DELMORE | B46: 544.652.498-53 | C46: 45120 | D46: calculos@m7assessoria.com.br | H46: M7 Assessoria
A47: JORGE OLIVEIRA DA SILVA | B47: 957.550.988-91 | C47: 45120 | D47: calculos@m7assessoria.com.br | H47: M7 Assessoria
A48: JAIR PENHA | B48: 590.400.768-04 | C48: 45121 | D48: calculos@m7assessoria.com.br | H48: M7 Assessoria
A49: ANTONIO MONTEIRO | B49: 085.118.378-68 | C49: 45121 | D49: calculos@m7assessoria.com.br | H49: M7 Assessoria
A50: ELIZABETH DE OLIVEIRA RATTIGUEL | B50: 960.650.448-49 | C50: 45121 | D50: calculos@m7assessoria.com.br | H50: M7 Assessoria
A51: ELIAS PERCONE TRINDADE | B51: 289.011.429-53 | C51: 45121 | D51: calculos@m7assessoria.com.br | H51: M7 Assessoria
... A65: JOVENCIO CARLOS DO PRADO DE QUADROS | B65: 258.830.620-91 | C65: 45121 | D65: calculos@m7assessoria.com.br | H65: M7 Assessoria
A66: Ivanilda Boldi | B66: 159.636.912-49 | C66: 45121 | D66: marcelowseibert@gmail.com | E66: alexandre_mello1@hotmail.com | H66: Alexandre Mello
A67: SERGIO RODRIGUES | B67: 802.715.028-00 | C67: 45125 | D67: calculos@m7assessoria.com.br | H67: M7 Assessoria
A68: JOAO FRANCISCO ROSIS | B68: 023.560.998.67 | C68: 45125 | D68: calculos@m7assessoria.com.br | H68: M7 Assessoria
A69: LINO DOMINGUES FILHO | B69: 254.996.888-34 | C69: 45128 | D69: calculos@m7assessoria.com.br | H69: M7 Assessoria
A70: SUELI APARECIDA DO PRADO GONÇALVES | B70: 092.440.658-51 | C70: 45132 | D70: alex.abl@outlook.com | H70: Alex Abl
A71: DULCINEIA BARRETO BARBOSA | B71: 004.954.278-88 | C71: 45132 | D71: calculos@m7assessoria.com.br | H71: M7 Assessoria
A72: ARISTIDES SIMOES DE SOUZA | B72: 249.011.438-75 | C72: 45132 | D72: calculos@m7assessoria.com.br | H72: M7 Assessoria
A73: JOSE MALAQUIAS | B73: 363.775.548-34 | C73: 45132 | D73: calculos@m7assessoria.com.br | H73: M7 Assessoria
A74: Marino Alves de Souza | B74: 725.562.188-00 | C74: 45135 | D74: marcelowseibert@gmail.com | H74: Marcelo
A75: Gilberto Macedo Borghetti | B75: 095.104.780-91 | C75: 45140 | D75: alexandre_mello1@hotmail.com | E75: marcelowseibert@gmail.com | H75: Alexandre Mello
A76: Paulo Roberto Perini | B76: 117.755.050-49 | C76: 45141 | D76: alexandre_mello1@hotmail.com | E76: marcelowseibert@gmail.com | H76: Alexandre Mello
A77: Irene Fatima de Campos Simon | B77: 117.755.050-49 | C77: 45142 | D77: alexandre_mello1@hotmail.com | E77: marcelowseibert@gmail.com | H77: Alexandre Mello
A78: Wanderlei Malchow da Rosa | B78: 245.798.580-34 | C78: 45145 | D78: alexandre_mello1@hotmail.com | E78: marcelowseibert@gmail.com | H78: Alexandre Mello
A79: Baldiro Sanders dos Santos | B79: 212.817.509-72 | C79: 45145 | D79: alexandre_mello1@hotmail.com | E79: marcelowseibert@gmail.com | H79: Alexandre Mello
A80: Luiz Romario Lopes da Silva | B80: 359.985.120-49 | C80: 45145 | D80: alexandre_mello1@hotmail.com | E80: marcelowseibert@gmail.com | H80: Alexandre Mello
A81: Casemiro Rodrigues de Lima | B81: 283.881.789-20 | C81: 45145 | D81: alexandre_mello1@hotmail.com | E81: marcelowseibert@gmail.com | H81: Alexandre Mello
A82: Valmor de Souza | B82: 394.846.969-53 | C82: 45147 | D82: alexandre_mello1@hotmail.com | E82: marcelowseibert@gmail.com | H82: Alexandre Mello
A83: Antonio Soares | B83: 410.479.909-20 | C83: 45149 | D83: alexandre_mello1@hotmail.com | E83: marcelowseibert@gmail.com | H83: Alexandre Mello
A84: Irandi Ferreira | B84: 873.870.698-91 | C84: 45153 | D84: alex.abl@outlook.com | E84: marcelowseibert@gmail.com | H84: Alex Abl
A85: Antonia Rosa dos Santos Panini | B85: 078.635.068-75 | C85: 45153 | D85: alex.abl@outlook.com | E85: marcelowseibert@gmail.com | H85: Alex Abl
A86: Leonora Aparecida Ribeiro Soares | B86: 061.661.908-16 | C86: 45154 | D86: alex.abl@outlook.com | E86: marcelowseibert@gmail.com | H86: Alex Abl
A87: Nilton Ros Domenes | B87: 710.091.758-15 | C87: 45160 | D87: marcelowseibert@gmail.com | H87: Marcelo
A88: Jair Aparecido Basseto | B88: 192.485.048-68 | C88: 45160 | D88: alex.abl@outlook.com | E88: marcelowseibert@gmail.com | H88: Alex Abl
A89: Dilson Alves Coelho | B89: 802.768.228-20 | C89: 45160 | D89: alex.abl@outlook.com | E89: marcelowseibert@gmail.com | H89: Alex Abl
A90: Paulo Pereira Barbosa | B90: 045.017.228-78 | C90: 45160 | D90: marcelowseibert@gmail.com | H90: Marcelo
A91: Lourdes de Almeida Soares | B91: 802.739.558-53 | C91: 45160 | D91: alex.abl@outlook.com | E91: marcelowseibert@gmail.com | H91: Alex Abl
A92: Paulo Roberto Candido | B92: 667.249.618-15 | C92: 45162 | D92: alex.abl@outlook.com | E92: marcelowseibert@gmail.com | H92: Alex Abl
A93: Valdecir Marques Pinheiro | B93: 826.702.008-00 | C93: 45162 | D93: marcelowseibert@gmail.com | H93: Marcelo
A94: Geni Pereira Cardoso | B94: 095.417.868-80 | C94: 45163 | D94: alex.abl@outlook.com | E94: marcelowseibert@gmail.com | H94: Alex Abl
A95: Rute Furumi Matsuda | B95: 006.232.278-86 | C95: 45163 | D95: marcelowseibert@gmail.com | H95: Marcelo
A96: Joao Dionisio Santos | B96: 023.683.248-44 | C96: 45163 | D96: alex.abl@outlook.com | E96: marcelowseibert@gmail.com | H96: Alex Abl
A97: Regina Conceição Saqueto Del Col | B97: 959.272.808-97 | C97: 45166 | D97: marcelowseibert@gmail.com | H97: Marcelo
A98: Gilberto Portugal Rodrigues Filho | B98: 718.193.808-82 | C98: 45166 | D98: marcelowseibert@gmail.com | E98: juliana@rradvocacia.com | H98: Marcelo
A99: Marta Branco do Rosario de Oliveira | B99: 829.194.708-25 | C99: 45166 | D99: marcelowseibert@gmail.com | H99: Marcelo
A100: Jethero de Faria Cardoso Junior | B100: 636.527.148-49 | C100: 45167 | D100: marcelowseibert@gmail.com | H100: Marcelo
A101: Elza Eliane Azuaga Areas | B101: 792.701.588-53 | C101: 45168 | D101: marcelowseibert@gmail.com | H101: Marcelo
A102: Irineu de Araújo | B102: 957.312.708-30 | C102: 45169 | D102: alex.abl@outlook.com | E102: marcelowseibert@gmail.com | H102: Alex Abl
A103: Edevarde de Souza | B103: 957.555.198-20 | C103: 45170 | D103: marcelowseibert@gmail.com | H103: Marcelo
A104: Ermeto Heitor dos Santos Dornelles | B104: 253.294.560-53 | C104: 45173 | D104: alexandre_mello1@hotmail.com | E104: marcelowseibert@gmail.com | H104: Alexandre Mello
A105: Rui da Cunha Machado | B105: 168.438.860-00 | C105: 45175 | D105: alexandre_mello1@hotmail.com | E105: marcelowseibert@gmail.com | H105: Alexandre Mello
A106: Czeslaw Kasia | B106: 226.393.301-87 | C106: 45177 | D106: alex.abl@outlook.com | E106: marcelowseibert@gmail.com | H106: Alex Abl
A107: Jose Augusto Nascimento | B107: 704.836.208-15 | C107: 45177 | D107: alex.abl@outlook.com | E107: marcelowseibert@gmail.com | H107: Alex Abl
A108: Joao Machado | B108: 803.943.028-34 | C108: 45177 | D108: alex.abl@outlook.com | E108: marcelowseibert@gmail.com | H108: Alex Abl
A109: Luiz Paulo Finotti | B109: 999.734.058-20 | C109: 45180 | D109: alex.abl@outlook.com | E109: marcelowseibert@gmail.com | H109: Alex Abl
A110: Arlete de Oliveira Pereira | B110: 023.815.978-75 | C110: 45180 | D110: alex.abl@outlook.com | E110: marcelowseibert@gmail.com | H110: Alex Abl
A111: Shirley Alves Siqueira | B111: 055.660.958-10 | C111: 45181 | D111: marcelowseibert@gmail.com | H111: Marcelo
A112: Vera Lucia Bellazalma | B112: 057.038.098-78 | C112: 45187 | D112: marcelowseibert@gmail.com | H112: Marcelo
A113: Maria Aparecida Ribeiro | B113: 023.596.478-65 | C113: 45187 | D113: marcelowseibert@gmail.com | H113: Marcelo
...

Sheet Resumo
A3: Rótulos de Linha | B3: Contagem de CPF Cliente
A4: Alex Borges | B4: 2
A5: Alexandre Mello | B5: 25
A6: Fernanda Correa | B6: 1
A7: M7 Assessoria | B7: 25
A8: Zé Maria | B8: 6
A9: Marcelo | B9: 5
A10: Rradvocacia | B10: 1
A11: Total Geral | B11: 65
